{
  "root_group": {
    "id": "d41d8cd98f00b204e9800998ecf8427e",
    "groups": {},
    "checks": {},
    "name": "",
    "path": ""
  },
  "metrics": {
    "vus_max": {
      "min": 1000,
      "max": 1000,
      "value": 1000
    },
    "http_req_connecting": {
      "max": 1536.862208,
      "p(90)": 0,
      "p(95)": 0,
      "avg": 0.2811337990207069,
      "min": 0,
      "med": 0
    },
    "http_req_sending": {
      "med": 0.05864,
      "max": 27.070249,
      "p(90)": 0.082295,
      "p(95)": 0.103044,
      "avg": 0.07087112520025586,
      "min": 0.02087
    },
    "http_req_duration": {
      "avg": 884.0187507154246,
      "min": 145.953758,
      "med": 415.781588,
      "max": 60005.386928,
      "p(90)": 1097.2718098000003,
      "p(95)": 1957.7001869999967,
      "thresholds": {
        "p(95)<1000": true
      }
    },
    "iteration_duration": {
      "avg": 47053.78419186571,
      "min": 714.413728,
      "med": 39262.33122,
      "max": 707198.690256,
      "p(90)": 49507.5298536,
      "p(95)": 63858.74180879997
    },
    "http_req_duration{expected_response:true}": {
      "avg": 874.3856591590098,
      "min": 145.953758,
      "med": 427.4258555,
      "max": 59992.576288,
      "p(90)": 1117.6281920000001,
      "p(95)": 1998.24309025
    },
    "http_req_waiting": {
      "med": 394.735999,
      "max": 60005.311717,
      "p(90)": 1049.0215818000008,
      "p(95)": 1922.7144431999977,
      "avg": 862.0331349500439,
      "min": 145.837406
    },
    "iterations": {
      "rate": 21.17178885226332,
      "count": 114978
    },
    "http_req_failed": {
      "passes": 116921,
      "fails": 2099576,
      "thresholds": {
        "rate<0.1": false
      },
      "value": 0.052750353372912305
    },
    "vus": {
      "max": 1000,
      "value": 206,
      "min": 0
    },
    "data_sent": {
      "count": 1712220825,
      "rate": 315284.46985813027
    },
    "http_req_receiving": {
      "max": 5895.864761,
      "p(90)": 147.733567,
      "p(95)": 153.3573668,
      "avg": 21.91474464024691,
      "min": 0,
      "med": 0.040176
    },
    "data_received": {
      "count": 10428817744,
      "rate": 1920338.9105281453
    },
    "http_reqs": {
      "count": 2216497,
      "rate": 408.1407441047425
    },
    "http_req_tls_handshaking": {
      "avg": 0.9967659496520869,
      "min": 0,
      "med": 0,
      "max": 2036.736639,
      "p(90)": 0,
      "p(95)": 0
    },
    "http_req_blocked": {
      "avg": 1.278498168087354,
      "min": 0.00013,
      "med": 0.0003,
      "max": 2222.285311,
      "p(90)": 0.00039,
      "p(95)": 0.000441
    }
  },
  "setup_data": {}
}
